Episode, CL, SupCL, UnsupCL, ClassificationLoss
0,32.53641891479492,53.22523880004883,11.847600936889648,0.7562476396560669
